Repository_Name,Username,Stars,Repository_URL,Topic Class
three.js,mrdoob,71600.0,https://github.com/mrdoob/three.js,3d
libgdx,libgdx,18500.0,https://github.com/libgdx/libgdx,3d
Babylon.js,BabylonJS,14200.0,https://github.com/BabylonJS/Babylon.js,3d
react-three-fiber,pmndrs,13600.0,https://github.com/pmndrs/react-three-fiber,3d
aframe,aframevr,12800.0,https://github.com/aframevr/aframe,3d
tinyrenderer,ssloy,10800.0,https://github.com/ssloy/tinyrenderer,3d
3d-game-shaders-for-beginners,lettier,10500.0,https://github.com/lettier/3d-game-shaders-for-beginners,3d
FreeCAD,FreeCAD,9400.0,https://github.com/FreeCAD/FreeCAD,3d
zdog,metafizzy,8500.0,https://github.com/metafizzy/zdog,3d
cesium,CesiumGS,7100.0,https://github.com/CesiumGS/cesium,3d
SpaceshipGenerator,a1studmuffin,6800.0,https://github.com/a1studmuffin/SpaceshipGenerator,3d
3D-Machine-Learning,timzhang642,6700.0,https://github.com/timzhang642/3D-Machine-Learning,3d
Open3D,intel-isl,4600.0,https://github.com/intel-isl/Open3D,3d
spritejs,spritejs,4500.0,https://github.com/spritejs/spritejs,3d
tensorspace,tensorspace-team,4400.0,https://github.com/tensorspace-team/tensorspace,3d
webglstudio.js,jagenjo,4400.0,https://github.com/jagenjo/webglstudio.js,3d
vrn,AaronJackson,4300.0,https://github.com/AaronJackson/vrn,3d
PRNet,YadiraF,4300.0,https://github.com/YadiraF/PRNet,3d
openscad,openscad,4100.0,https://github.com/openscad/openscad,3d
BlenderGIS,domlysz,3900.0,https://github.com/domlysz/BlenderGIS,3d
tinyraytracer,ssloy,3800.0,https://github.com/ssloy/tinyraytracer,3d
magnum,mosra,3500.0,https://github.com/mosra/magnum,3d
webgl-fundamentals,gfxfundamentals,3000.0,https://github.com/gfxfundamentals/webgl-fundamentals,3d
3DDFA,cleardusk,3000.0,https://github.com/cleardusk/3DDFA,3d
model-viewer,google,3000.0,https://github.com/google/model-viewer,3d
isometric-contributions,jasonlong,2900.0,https://github.com/jasonlong/isometric-contributions,3d
blender,blender,2800.0,https://github.com/blender/blender,3d
L7,antvis,2300.0,https://github.com/antvis/L7,3d
claygl,pissang,2200.0,https://github.com/pissang/claygl,3d
meshlab,cnr-isti-vclab,2200.0,https://github.com/cnr-isti-vclab/meshlab,3d
infinite-scroll,metafizzy,6900.0,https://github.com/metafizzy/infinite-scroll,ajax
Blog,ljianshu,6500.0,https://github.com/ljianshu/Blog,ajax
unfetch,developit,5100.0,https://github.com/developit/unfetch,ajax
form,jquery-form,5100.0,https://github.com/jquery-form/form,ajax
elFinder,Studio-42,4100.0,https://github.com/Studio-42/elFinder,ajax
tabulator,olifolkerd,4000.0,https://github.com/olifolkerd/tabulator,ajax
reqwest,ded,2900.0,https://github.com/ded/reqwest,ajax
learn-to-send-email-via-google-script-html-no-server,dwyl,2600.0,https://github.com/dwyl/learn-to-send-email-via-google-script-html-no-server,ajax
bliss,LeaVerou,2300.0,https://github.com/LeaVerou/bliss,ajax
wretch,elbywan,2200.0,https://github.com/elbywan/wretch,ajax
featherlight,noelboss,2000.0,https://github.com/noelboss/featherlight,ajax
jquery-confirm,craftpip,1700.0,https://github.com/craftpip/jquery-confirm,ajax
Ajax-hook,wendux,1600.0,https://github.com/wendux/Ajax-hook,ajax
sente,ptaoussanis,1600.0,https://github.com/ptaoussanis/sente,ajax
Enterprise,joaomilho,1500.0,https://github.com/joaomilho/Enterprise,ajax
tracy,nette,1400.0,https://github.com/nette/tracy,ajax
web-interview,yisainan,1400.0,https://github.com/yisainan/web-interview,ajax
jeeplatform,u014427391,1300.0,https://github.com/u014427391/jeeplatform,ajax
pjax,MoOx,1200.0,https://github.com/MoOx/pjax,ajax
css-spinner,loadingio,1100.0,https://github.com/loadingio/css-spinner,ajax
uploader,danielm,1100.0,https://github.com/danielm/uploader,ajax
eCommerce,codingforentrepreneurs,1100.0,https://github.com/codingforentrepreneurs/eCommerce,ajax
render_async,renderedtext,1000.0,https://github.com/renderedtext/render_async,ajax
saber,swlib,893000.0,https://github.com/swlib/saber,ajax
infinite-ajax-scroll,webcreate,816000.0,https://github.com/webcreate/infinite-ajax-scroll,ajax
opensource-socialnetwork,opensource-socialnetwork,743000.0,https://github.com/opensource-socialnetwork/opensource-socialnetwork,ajax
RestClient,proyecto26,732000.0,https://github.com/proyecto26/RestClient,ajax
rapid.js,rapidjs,703000.0,https://github.com/rapidjs/rapid.js,ajax
ssm-BookAppointment,ni-ze,676000.0,https://github.com/ni-ze/ssm-BookAppointment,ajax
JavaScriptStudy,csxiaoyaojianxian,542000.0,https://github.com/csxiaoyaojianxian/JavaScriptStudy,ajax
coding-interview-university,jwasham,176000.0,https://github.com/jwasham/coding-interview-university,algorithm
CS-Notes,CyC2018,132000.0,https://github.com/CyC2018/CS-Notes,algorithm
Python,TheAlgorithms,110000.0,https://github.com/TheAlgorithms/Python,algorithm
javascript-algorithms,trekhleb,110000.0,https://github.com/trekhleb/javascript-algorithms,algorithm
tech-interview-handbook,yangshun,54800.0,https://github.com/yangshun/tech-interview-handbook,algorithm
interviews,kdn251,51600.0,https://github.com/kdn251/interviews,algorithm
leetcode,azl397985856,42400.0,https://github.com/azl397985856/leetcode,algorithm
algorithm-visualizer,algorithm-visualizer,33900.0,https://github.com/algorithm-visualizer/algorithm-visualizer,algorithm
JCSprout,crossoverJie,26200.0,https://github.com/crossoverJie/JCSprout,algorithm
interactive-coding-challenges,donnemartin,22700.0,https://github.com/donnemartin/interactive-coding-challenges,algorithm
algorithms,keon,19300.0,https://github.com/keon/algorithms,algorithm
interview,huihut,18900.0,https://github.com/huihut/interview,algorithm
LeetCode-Go,halfrost,18200.0,https://github.com/halfrost/LeetCode-Go,algorithm
homemade-machine-learning,trekhleb,17800.0,https://github.com/trekhleb/homemade-machine-learning,algorithm
WaveFunctionCollapse,mxgmn,16200.0,https://github.com/mxgmn/WaveFunctionCollapse,algorithm
C-Plus-Plus,TheAlgorithms,13100.0,https://github.com/TheAlgorithms/C-Plus-Plus,algorithm
cosmos,OpenGenus,12600.0,https://github.com/OpenGenus/cosmos,algorithm
PythonRobotics,AtsushiSakai,12500.0,https://github.com/AtsushiSakai/PythonRobotics,algorithm
algorithm-pattern,greyireland,12000.0,https://github.com/greyireland/algorithm-pattern,algorithm
leetcode-master,youngyangyang04,11400.0,https://github.com/youngyangyang04/leetcode-master,algorithm
Javascript,TheAlgorithms,11300.0,https://github.com/TheAlgorithms/Javascript,algorithm
apachecn-algo-zh,apachecn,10300.0,https://github.com/apachecn/apachecn-algo-zh,algorithm
Algorithms,williamfiset,10000.0,https://github.com/williamfiset/Algorithms,algorithm
Halfrost-Field,halfrost,9000.0,https://github.com/halfrost/Halfrost-Field,algorithm
awesome-competitive-programming,lnishan,8400.0,https://github.com/lnishan/awesome-competitive-programming,algorithm
awesome-java-leetcode,Blankj,8100.0,https://github.com/Blankj/awesome-java-leetcode,algorithm
algorithms,jeffgerickson,7200.0,https://github.com/jeffgerickson/algorithms,algorithm
javascript-algorithms,mgechev,6800.0,https://github.com/mgechev/javascript-algorithms,algorithm
vscode-leetcode,LeetCode-OpenSource,6600.0,https://github.com/LeetCode-OpenSource/vscode-leetcode,algorithm
ImageAI,OlafenwaMoses,6200.0,https://github.com/OlafenwaMoses/ImageAI,algorithm
amp,amphp,3200.0,https://github.com/amphp/amp,amphp
MadelineProto,danog,1600.0,https://github.com/danog/MadelineProto,amphp
http-server,amphp,1100.0,https://github.com/amphp/http-server,amphp
telegram-api,unreal4u,656000.0,https://github.com/unreal4u/telegram-api,amphp
http-client,amphp,564000.0,https://github.com/amphp/http-client,amphp
parallel,amphp,494000.0,https://github.com/amphp/parallel,amphp
service-bus,php-service-bus,293000.0,https://github.com/php-service-bus/service-bus,amphp
mysql,amphp,240000.0,https://github.com/amphp/mysql,amphp
byte-stream,amphp,225000.0,https://github.com/amphp/byte-stream,amphp
parallel-functions,amphp,186000.0,https://github.com/amphp/parallel-functions,amphp
process,amphp,132000.0,https://github.com/amphp/process,amphp
socket,amphp,130000.0,https://github.com/amphp/socket,amphp
redis,amphp,113000.0,https://github.com/amphp/redis,amphp
acme,kelunik,103000.0,https://github.com/kelunik/acme,amphp
mailgrab,PeeHaa,92000.0,https://github.com/PeeHaa/mailgrab,amphp
dns,amphp,91000.0,https://github.com/amphp/dns,amphp
websocket-client,amphp,85000.0,https://github.com/amphp/websocket-client,amphp
sync,amphp,74000.0,https://github.com/amphp/sync,amphp
asynit,jolicode,67000.0,https://github.com/jolicode/asynit,amphp
websocket-server,amphp,63000.0,https://github.com/amphp/websocket-server,amphp
postgres,amphp,58000.0,https://github.com/amphp/postgres,amphp
beanstalk,amphp,53000.0,https://github.com/amphp/beanstalk,amphp
cache,amphp,53000.0,https://github.com/amphp/cache,amphp
file,amphp,52000.0,https://github.com/amphp/file,amphp
windows-registry,amphp,49000.0,https://github.com/amphp/windows-registry,amphp
hpack,amphp,47000.0,https://github.com/amphp/hpack,amphp
serialization,amphp,44000.0,https://github.com/amphp/serialization,amphp
ridge,phpinnacle,41000.0,https://github.com/phpinnacle/ridge,amphp
Jeeves,Room-11,41000.0,https://github.com/Room-11/Jeeves,amphp
aerys,amphp,40000.0,https://github.com/amphp/aerys,amphp
flutter,flutter,122000.0,https://github.com/flutter/flutter,android
free-programming-books-zh_CN,justjavac,80400.0,https://github.com/justjavac/free-programming-books-zh_CN,android
scrcpy,Genymobile,49600.0,https://github.com/Genymobile/scrcpy,android
Awesome-Hacking,Hack-with-Github,44500.0,https://github.com/Hack-with-Github/Awesome-Hacking,android
material-design-icons,google,43100.0,https://github.com/google/material-design-icons,android
awesome-android-ui,wasabeef,40700.0,https://github.com/wasabeef/awesome-android-ui,android
okhttp,square,40200.0,https://github.com/square/okhttp,android
architecture-samples,android,38900.0,https://github.com/android/architecture-samples,android
retrofit,square,38200.0,https://github.com/square/retrofit,android
awesome-flutter,Solido,36000.0,https://github.com/Solido/awesome-flutter,android
MPAndroidChart,PhilJay,33400.0,https://github.com/PhilJay/MPAndroidChart,android
fastlane,fastlane,32400.0,https://github.com/fastlane/fastlane,android
shadowsocks-android,shadowsocks,31500.0,https://github.com/shadowsocks/shadowsocks-android,android
glide,bumptech,31300.0,https://github.com/bumptech/glide,android
lottie-android,airbnb,31200.0,https://github.com/airbnb/lottie-android,android
android-open-project,Trinea,30600.0,https://github.com/Trinea/android-open-project,android
AndroidUtilCode,Blankj,29400.0,https://github.com/Blankj/AndroidUtilCode,android
gold-miner,xitu,29000.0,https://github.com/xitu/gold-miner,android
ijkplayer,bilibili,28900.0,https://github.com/bilibili/ijkplayer,android
zxing,zxing,27900.0,https://github.com/zxing/zxing,android
android_guides,codepath,27400.0,https://github.com/codepath/android_guides,android
leakcanary,square,26200.0,https://github.com/square/leakcanary,android
jadx,skylot,26200.0,https://github.com/skylot/jadx,android
joplin,laurent22,23700.0,https://github.com/laurent22/joplin,android
fastjson,alibaba,23400.0,https://github.com/alibaba/fastjson,android
SmartRefreshLayout,scwang90,22600.0,https://github.com/scwang90/SmartRefreshLayout,android
BaseRecyclerViewAdapterHelper,CymChad,22000.0,https://github.com/CymChad/BaseRecyclerViewAdapterHelper,android
react-native-elements,react-native-elements,20700.0,https://github.com/react-native-elements/react-native-elements,android
iosched,google,20500.0,https://github.com/google/iosched,android
NativeScript,NativeScript,20200.0,https://github.com/NativeScript/NativeScript,android
free-programming-books-zh_CN,justjavac,80400.0,https://github.com/justjavac/free-programming-books-zh_CN,angular
angular,angular,73800.0,https://github.com/angular/angular,angular
storybook,storybookjs,62400.0,https://github.com/storybookjs/storybook,angular
ionic-framework,ionic-team,44600.0,https://github.com/ionic-team/ionic-framework,angular
33-js-concepts,leonardomso,40600.0,https://github.com/leonardomso/33-js-concepts,angular
prettier,prettier,39800.0,https://github.com/prettier/prettier,angular
sheetjs,SheetJS,25800.0,https://github.com/SheetJS/sheetjs,angular
angular-cli,angular,24600.0,https://github.com/angular/angular-cli,angular
components,angular,21500.0,https://github.com/angular/components,angular
NativeScript,NativeScript,20200.0,https://github.com/NativeScript/NativeScript,angular
generator-jhipster,jhipster,18500.0,https://github.com/jhipster/generator-jhipster,angular
terminus,Eugeny,18100.0,https://github.com/Eugeny/terminus,angular
handsontable,handsontable,15300.0,https://github.com/handsontable/handsontable,angular
bit,teambit,13500.0,https://github.com/teambit/bit,angular
sweetalert2,sweetalert2,13000.0,https://github.com/sweetalert2/sweetalert2,angular
mean,linnovate,12100.0,https://github.com/linnovate/mean,angular
javascript-testing-best-practices,goldbergyoni,11800.0,https://github.com/goldbergyoni/javascript-testing-best-practices,angular
coreui-free-bootstrap-admin-template,coreui,10800.0,https://github.com/coreui/coreui-free-bootstrap-admin-template,angular
codesandbox-client,codesandbox,10600.0,https://github.com/codesandbox/codesandbox-client,angular
angular-starter,PatrickJS,10400.0,https://github.com/PatrickJS/angular-starter,angular
PeerTube,Chocobozzz,9400.0,https://github.com/Chocobozzz/PeerTube,angular
protractor,angular,8700.0,https://github.com/angular/protractor,angular
OnsenUI,OnsenUI,8400.0,https://github.com/OnsenUI/OnsenUI,angular
text-mask,text-mask,8000.0,https://github.com/text-mask/text-mask,angular
awesome-angular,PatrickJS,7900.0,https://github.com/PatrickJS/awesome-angular,angular
ng-bootstrap,ng-bootstrap,7800.0,https://github.com/ng-bootstrap/ng-bootstrap,angular
ng-zorro-antd,NG-ZORRO,7500.0,https://github.com/NG-ZORRO/ng-zorro-antd,angular
nx,nrwl,7400.0,https://github.com/nrwl/nx,angular
rematch,rematch,7300.0,https://github.com/rematch/rematch,angular
ag-grid,ag-grid,7300.0,https://github.com/ag-grid/ag-grid,angular
ansible,ansible,48600.0,https://github.com/ansible/ansible,ansible
streisand,StreisandEffect,22500.0,https://github.com/StreisandEffect/streisand,ansible
algo,trailofbits,20900.0,https://github.com/trailofbits/algo,ansible
kubespray,kubernetes-sigs,10700.0,https://github.com/kubernetes-sigs/kubespray,ansible
awx,ansible,9800.0,https://github.com/ansible/awx,ansible
devops-exercises,bregman-arie,8500.0,https://github.com/bregman-arie/devops-exercises,ansible
kubeasz,easzlab,7000.0,https://github.com/easzlab/kubeasz,ansible
ansible-for-devops,geerlingguy,4600.0,https://github.com/geerlingguy/ansible-for-devops,ansible
rundeck,rundeck,4200.0,https://github.com/rundeck/rundeck,ansible
semaphore,ansible-semaphore,4100.0,https://github.com/ansible-semaphore/semaphore,ansible
DevOps-Guide,Tikam02,3700.0,https://github.com/Tikam02/DevOps-Guide,ansible
mac-dev-playbook,geerlingguy,3600.0,https://github.com/geerlingguy/mac-dev-playbook,ansible
KubeOperator,KubeOperator,3500.0,https://github.com/KubeOperator/KubeOperator,ansible
molecule,ansible-community,3100.0,https://github.com/ansible-community/molecule,ansible
DetectionLab,clong,2800.0,https://github.com/clong/DetectionLab,ansible
opendevops,opendevops-cn,2700.0,https://github.com/opendevops-cn/opendevops,ansible
OpsManage,welliamcao,2700.0,https://github.com/welliamcao/OpsManage,ansible
ansible-lint,ansible-community,2500.0,https://github.com/ansible-community/ansible-lint,ansible
netboot.xyz,netbootxyz,2400.0,https://github.com/netbootxyz/netboot.xyz,ansible
werf,werf,2400.0,https://github.com/werf/werf,ansible
trellis,roots,2200.0,https://github.com/roots/trellis,ansible
chrome-aws-lambda,alixaxel,2200.0,https://github.com/alixaxel/chrome-aws-lambda,ansible
ansible-collection-hardening,dev-sec,2200.0,https://github.com/dev-sec/ansible-collection-hardening,ansible
deploy,ansistrano,2100.0,https://github.com/ansistrano/deploy,ansible
openshift-ansible,openshift,2000.0,https://github.com/openshift/openshift-ansible,ansible
ansible-cmdb,fboender,1900.0,https://github.com/fboender/ansible-cmdb,ansible
pytest-testinfra,pytest-dev,1900.0,https://github.com/pytest-dev/pytest-testinfra,ansible
ansible-tuto,leucos,1900.0,https://github.com/leucos/ansible-tuto,ansible
infrastructure-as-code-tutorial,Artemmkin,1900.0,https://github.com/Artemmkin/infrastructure-as-code-tutorial,ansible
ansible-vagrant-examples,geerlingguy,1900.0,https://github.com/geerlingguy/ansible-vagrant-examples,ansible
public-apis,public-apis,130000.0,https://github.com/public-apis/public-apis,api
httpie,httpie,51000.0,https://github.com/httpie/httpie,api
neovim,neovim,44200.0,https://github.com/neovim/neovim,api
strapi,strapi,37000.0,https://github.com/strapi/strapi,api
slate,slatedocs,32700.000000000004,https://github.com/slatedocs/slate,api
fastapi,tiangolo,31900.0,https://github.com/tiangolo/fastapi,api
hoppscotch,hoppscotch,29400.0,https://github.com/hoppscotch/hoppscotch,api
ItChat,littlecodersh,21500.0,https://github.com/littlecodersh/ItChat,api
django-rest-framework,encode,21100.0,https://github.com/encode/django-rest-framework,api
yapi,YMFE,21100.0,https://github.com/YMFE/yapi,api
NeteaseCloudMusicApi,Binaryify,20200.0,https://github.com/Binaryify/NeteaseCloudMusicApi,api
normalizr,paularmstrong,20200.0,https://github.com/paularmstrong/normalizr,api
ccxt,ccxt,19900.0,https://github.com/ccxt/ccxt,api
security-guide-for-developers,FallibleInc,19700.0,https://github.com/FallibleInc/security-guide-for-developers,api
api-guidelines,microsoft,17200.0,https://github.com/microsoft/api-guidelines,api
insomnia,Kong,16500.0,https://github.com/Kong/insomnia,api
API-Security-Checklist,shieldfy,15700.0,https://github.com/shieldfy/API-Security-Checklist,api
learn-anything,learn-anything,13100.0,https://github.com/learn-anything/learn-anything,api
wxpy,youfou,12800.0,https://github.com/youfou/wxpy,api
brain.js,BrainJS,12000.0,https://github.com/BrainJS/brain.js,api
jsdoc,jsdoc,12000.0,https://github.com/jsdoc/jsdoc,api
directus,directus,11100.0,https://github.com/directus/directus,api
web3.js,ChainSafe,10500.0,https://github.com/ChainSafe/web3.js,api
postgraphile,graphile,10300.0,https://github.com/graphile/postgraphile,api
httpbin,postmanlabs,9900.0,https://github.com/postmanlabs/httpbin,api
chi,go-chi,9500.0,https://github.com/go-chi/chi,api
grape,ruby-grape,9300.0,https://github.com/ruby-grape/grape,api
showdoc,star7th,9000.0,https://github.com/star7th/showdoc,api
zeal,zealdocs,8800.0,https://github.com/zealdocs/zeal,api
openapi-generator,OpenAPITools,8800.0,https://github.com/OpenAPITools/openapi-generator,api
Tasmota,arendst,15300.0,https://github.com/arendst/Tasmota,arduino
johnny-five,rwaldron,12200.0,https://github.com/rwaldron/johnny-five,arduino
Arduino,arduino,11800.0,https://github.com/arduino/Arduino,arduino
Marlin,MarlinFirmware,11300.0,https://github.com/MarlinFirmware/Marlin,arduino
esp8266_deauther,SpacehuhnTech,8600.0,https://github.com/SpacehuhnTech/esp8266_deauther,arduino
tinygo,tinygo-org,8100.0,https://github.com/tinygo-org/tinygo,arduino
gobot,hybridgroup,7200.0,https://github.com/hybridgroup/gobot,arduino
lowlevelprogramming-university,gurugio,6900.0,https://github.com/gurugio/lowlevelprogramming-university,arduino
arduino-esp32,espressif,6800.0,https://github.com/espressif/arduino-esp32,arduino
ArduinoJson,bblanchon,5200.0,https://github.com/bblanchon/ArduinoJson,arduino
platformio-core,platformio,5100.0,https://github.com/platformio/platformio-core,arduino
WiFiManager,tzapu,4600.0,https://github.com/tzapu/WiFiManager,arduino
cylon,hybridgroup,3800.0,https://github.com/hybridgroup/cylon,arduino
Arduino-IRremote,Arduino-IRremote,3300.0,https://github.com/Arduino-IRremote/Arduino-IRremote,arduino
blynk-library,blynkkk,3100.0,https://github.com/blynkkk/blynk-library,arduino
nectarjs,NectarJS,3000.0,https://github.com/NectarJS/nectarjs,arduino
arduino-cli,arduino,2900.0,https://github.com/arduino/arduino-cli,arduino
PJON,gioblu,2600.0,https://github.com/gioblu/PJON,arduino
blynk-server,blynkkk,2200.0,https://github.com/blynkkk/blynk-server,arduino
OpenMQTTGateway,1technophile,2200.0,https://github.com/1technophile/OpenMQTTGateway,arduino
audio-reactive-led-strip,scottlawsonbc,2000.0,https://github.com/scottlawsonbc/audio-reactive-led-strip,arduino
OpenBot,intel-isl,1800.0,https://github.com/intel-isl/OpenBot,arduino
Serial-Studio,Serial-Studio,1800.0,https://github.com/Serial-Studio/Serial-Studio,arduino
IRremoteESP8266,crankyoldgit,1800.0,https://github.com/crankyoldgit/IRremoteESP8266,arduino
splitflap,scottbez1,1700.0,https://github.com/scottbez1/splitflap,arduino
RF24,nRF24,1700.0,https://github.com/nRF24/RF24,arduino
Arduino_Core_STM32,stm32duino,1500.0,https://github.com/stm32duino/Arduino_Core_STM32,arduino
esp8266-oled-ssd1306,ThingPulse,1500.0,https://github.com/ThingPulse/esp8266-oled-ssd1306,arduino
TFT_eSPI,Bodmer,1300.0,https://github.com/Bodmer/TFT_eSPI,arduino
blinker-library,blinker-iot,1300.0,https://github.com/blinker-iot/blinker-library,arduino
aspnetboilerplate,aspnetboilerplate,9600.0,https://github.com/aspnetboilerplate/aspnetboilerplate,aspnet
AspNetCore.Docs,dotnet,9200.0,https://github.com/dotnet/AspNetCore.Docs,aspnet
server,bitwarden,7900.0,https://github.com/bitwarden/server,aspnet
Electron.NET,ElectronNET,5700.0,https://github.com/ElectronNET/Electron.NET,aspnet
NSwag,RicoSuter,4400.0,https://github.com/RicoSuter/NSwag,aspnet
clean-code-dotnet,thangchung,3800.0,https://github.com/thangchung/clean-code-dotnet,aspnet
ImageProcessor,JimBobSquarePants,2400.0,https://github.com/JimBobSquarePants/ImageProcessor,aspnet
SmartStoreNET,smartstore,2200.0,https://github.com/smartstore/SmartStoreNET,aspnet
aspnet-api-versioning,microsoft,2000.0,https://github.com/microsoft/aspnet-api-versioning,aspnet
BaGet,loic-sharma,1700.0,https://github.com/loic-sharma/BaGet,aspnet
aspnetcore-angular-universal,TrilonIO,1400.0,https://github.com/TrilonIO/aspnetcore-angular-universal,aspnet
aspnetcore-Vue-starter,TrilonIO,1200.0,https://github.com/TrilonIO/aspnetcore-Vue-starter,aspnet
DncZeus,lampo1024,1100.0,https://github.com/lampo1024/DncZeus,aspnet
Awesome-Microservices-NetCore,mjebrahimi,1100.0,https://github.com/mjebrahimi/Awesome-Microservices-NetCore,aspnet
csla,MarimerLLC,902000.0,https://github.com/MarimerLLC/csla,aspnet
dotvvm,riganti,538000.0,https://github.com/riganti/dotvvm,aspnet
aspnet-core-3-jwt-authentication-api,cornflourblue,488000.0,https://github.com/cornflourblue/aspnet-core-3-jwt-authentication-api,aspnet
SharPyShell,antonioCoco,436000.0,https://github.com/antonioCoco/SharPyShell,aspnet
mvcarchitecture,chsakell,435000.0,https://github.com/chsakell/mvcarchitecture,aspnet
Gofer.NET,brthor,393000.0,https://github.com/brthor/Gofer.NET,aspnet
YAFNET,YAFNET,375000.0,https://github.com/YAFNET/YAFNET,aspnet
rrod,Maarten88,371000.0,https://github.com/Maarten88/rrod,aspnet
SapphireDb,SapphireDb,337000.0,https://github.com/SapphireDb/SapphireDb,aspnet
WebMarkupMin,Taritsyn,319000.0,https://github.com/Taritsyn/WebMarkupMin,aspnet
BlazorTable,IvanJosipovic,287000.0,https://github.com/IvanJosipovic/BlazorTable,aspnet
aspnet-core-jwt-authentication-api,cornflourblue,273000.0,https://github.com/cornflourblue/aspnet-core-jwt-authentication-api,aspnet
aspnetcore-vueclimiddleware,EEParker,267000.0,https://github.com/EEParker/aspnetcore-vueclimiddleware,aspnet
aspnet-core-identity,chsakell,251000.0,https://github.com/chsakell/aspnet-core-identity,aspnet
Identity.Dapper,grandchamp,242000.0,https://github.com/grandchamp/Identity.Dapper,aspnet
electron.net-api-demos,ElectronNET,240000.0,https://github.com/ElectronNET/electron.net-api-demos,aspnet
atom,atom,55200.0,https://github.com/atom/atom,atom
dracula-theme,dracula,15800.0,https://github.com/dracula/dracula-theme,atom
themer,mjswensen,4200.0,https://github.com/mjswensen/themer,atom
hydrogen,nteract,3700.0,https://github.com/nteract/hydrogen,atom
markdown-preview-enhanced,shd101wyy,3200.0,https://github.com/shd101wyy/markdown-preview-enhanced,atom
v2,miniflux,2900.0,https://github.com/miniflux/v2,atom
teletype,atom,2300.0,https://github.com/atom/teletype,atom
awesome-atom,mehcode,1800.0,https://github.com/mehcode/awesome-atom,atom
gofeed,mmcdole,1600.0,https://github.com/mmcdole/gofeed,atom
go-plus,joefitzgerald,1500.0,https://github.com/joefitzgerald/go-plus,atom
atom-beautify,Glavin001,1500.0,https://github.com/Glavin001/atom-beautify,atom
atom-vim-mode-plus,t9md,1400.0,https://github.com/t9md/atom-vim-mode-plus,atom
simplepie,simplepie,1400.0,https://github.com/simplepie/simplepie,atom
merlin,ocaml,1300.0,https://github.com/ocaml/merlin,atom
MagicPython,MagicStack,1300.0,https://github.com/MagicStack/MagicPython,atom
feedparser,kurtmckee,1200.0,https://github.com/kurtmckee/feedparser,atom
apm,atom,1200.0,https://github.com/atom/apm,atom
atom,file-icons,1100.0,https://github.com/file-icons/atom,atom
atomic-layout,kettanaito,950000.0,https://github.com/kettanaito/atomic-layout,atom
atomic-chrome,danhper,929000.0,https://github.com/danhper/atomic-chrome,atom
FeedKit,nmdias,914000.0,https://github.com/nmdias/FeedKit,atom
github,atom,909000.0,https://github.com/atom/github,atom
atom-one-dark-terminal,nathanbuchar,906000.0,https://github.com/nathanbuchar/atom-one-dark-terminal,atom
seti-ui,jesseweed,864000.0,https://github.com/jesseweed/seti-ui,atom
prettier-atom,prettier,759000.0,https://github.com/prettier/prettier-atom,atom
lucario,raphamorim,718000.0,https://github.com/raphamorim/lucario,atom
atom-script,atom-community,717000.0,https://github.com/atom-community/atom-script,atom
kotlin-language-server,fwcd,712000.0,https://github.com/fwcd/kotlin-language-server,atom
cypht,jasonmunro,648000.0,https://github.com/jasonmunro/cypht,atom
jekyll-feed,jekyll,644000.0,https://github.com/jekyll/jekyll-feed,atom
awesome,sindresorhus,163000.0,https://github.com/sindresorhus/awesome,awesome
awesome-python,vinta,99300.0,https://github.com/vinta/awesome-python,awesome
awesome-go,avelino,64900.00000000001,https://github.com/avelino/awesome-go,awesome
awesome-selfhosted,awesome-selfhosted,59500.0,https://github.com/awesome-selfhosted/awesome-selfhosted,awesome
papers-we-love,papers-we-love,46200.0,https://github.com/papers-we-love/papers-we-love,awesome
Awesome-Hacking,Hack-with-Github,44500.0,https://github.com/Hack-with-Github/Awesome-Hacking,awesome
HelloGitHub,521xueweihan,43100.0,https://github.com/521xueweihan/HelloGitHub,awesome
awesome-mac,jaywcjlove,42200.0,https://github.com/jaywcjlove/awesome-mac,awesome
awesome-nodejs,sindresorhus,41300.0,https://github.com/sindresorhus/awesome-nodejs,awesome
awesome-interview-questions,DopplerHQ,41100.0,https://github.com/DopplerHQ/awesome-interview-questions,awesome
the-book-of-secret-knowledge,trimstray,40800.0,https://github.com/trimstray/the-book-of-secret-knowledge,awesome
awesome-android-ui,wasabeef,40700.0,https://github.com/wasabeef/awesome-android-ui,awesome
awesome-ios,vsouza,37700.0,https://github.com/vsouza/awesome-ios,awesome
awesome-courses,prakhar1989,37200.0,https://github.com/prakhar1989/awesome-courses,awesome
awesome-flutter,Solido,36000.0,https://github.com/Solido/awesome-flutter,awesome
awesome-scalability,binhnguyennus,32400.0,https://github.com/binhnguyennus/awesome-scalability,awesome
awesome-cpp,fffaraz,31800.0,https://github.com/fffaraz/awesome-cpp,awesome
github-cheat-sheet,tiimgreen,31800.0,https://github.com/tiimgreen/github-cheat-sheet,awesome
awesome-for-beginners,MunGell,31700.0,https://github.com/MunGell/awesome-for-beginners,awesome
frontend-dev-bookmarks,dypsilon,31400.0,https://github.com/dypsilon/frontend-dev-bookmarks,awesome
awesome-java,akullpp,28800.0,https://github.com/akullpp/awesome-java,awesome
open-source-ios-apps,dkhamsing,27400.0,https://github.com/dkhamsing/open-source-ios-apps,awesome
awesome-react-components,brillout,27100.0,https://github.com/brillout/awesome-react-components,awesome
open-source-mac-os-apps,serhii-londar,26000.0,https://github.com/serhii-londar/open-source-mac-os-apps,awesome
awesome-php,ziadoz,25400.0,https://github.com/ziadoz/awesome-php,awesome
awesome-macos-command-line,herrbischoff,25200.0,https://github.com/herrbischoff/awesome-macos-command-line,awesome
Awesome-Design-Tools,goabstract,23000.0,https://github.com/goabstract/Awesome-Design-Tools,awesome
awesome-electron,sindresorhus,21600.0,https://github.com/sindresorhus/awesome-electron,awesome
awesome-shell,alebcay,21600.0,https://github.com/alebcay/awesome-shell,awesome
awesome-swift,matteocrippa,20800.0,https://github.com/matteocrippa/awesome-swift,awesome
serverless,serverless,39900.0,https://github.com/serverless/serverless,aws
localstack,localstack,30600.0,https://github.com/localstack/localstack,aws
data-science-ipython-notebooks,donnemartin,21200.0,https://github.com/donnemartin/data-science-ipython-notebooks,aws
awesome-kubernetes,ramitsurana,11600.0,https://github.com/ramitsurana/awesome-kubernetes,aws
aws-cli,aws,11100.0,https://github.com/aws/aws-cli,aws
kubespray,kubernetes-sigs,10700.0,https://github.com/kubernetes-sigs/kubespray,aws
awesome-aws,donnemartin,9400.0,https://github.com/donnemartin/awesome-aws,aws
pulumi,pulumi,8900.0,https://github.com/pulumi/pulumi,aws
cas,apereo,8700.0,https://github.com/apereo/cas,aws
devops-exercises,bregman-arie,8500.0,https://github.com/bregman-arie/devops-exercises,aws
up,apex,8200.0,https://github.com/apex/up,aws
amplify-js,aws-amplify,8100.0,https://github.com/aws-amplify/amplify-js,aws
chalice,aws,8000.0,https://github.com/aws/chalice,aws
serverless-application-model,aws,8000.0,https://github.com/aws/serverless-application-model,aws
go-cloud,google,7800.0,https://github.com/google/go-cloud,aws
sops,mozilla,7600.0,https://github.com/mozilla/sops,aws
cortex,cortexlabs,7500.0,https://github.com/cortexlabs/cortex,aws
caprover,caprover,7200.0,https://github.com/caprover/caprover,aws
aws-sdk-go,aws,6900.0,https://github.com/aws/aws-sdk-go,aws
aws-cdk,aws,6800.0,https://github.com/aws/aws-cdk,aws
aws-sdk-js,aws,6600.0,https://github.com/aws/aws-sdk-js,aws
boto3,boto,6400.0,https://github.com/boto/boto3,aws
openvpn-install,angristan,6400.0,https://github.com/angristan/openvpn-install,aws
aws-shell,awslabs,6200.0,https://github.com/awslabs/aws-shell,aws
terraform-provider-aws,hashicorp,5900.0,https://github.com/hashicorp/terraform-provider-aws,aws
amazon-sagemaker-examples,aws,5600.0,https://github.com/aws/amazon-sagemaker-examples,aws
aws-sam-cli,aws,5600.0,https://github.com/aws/aws-sam-cli,aws
dev-setup,donnemartin,5400.0,https://github.com/donnemartin/dev-setup,aws
terratest,gruntwork-io,5300.0,https://github.com/gruntwork-io/terratest,aws
terragrunt,gruntwork-io,5000.0,https://github.com/gruntwork-io/terragrunt,aws
awesome-kubernetes,ramitsurana,11600.0,https://github.com/ramitsurana/awesome-kubernetes,azure
azure-quickstart-templates,Azure,10500.0,https://github.com/Azure/azure-quickstart-templates,azure
recommenders,microsoft,10300.0,https://github.com/microsoft/recommenders,azure
pulumi,pulumi,8900.0,https://github.com/pulumi/pulumi,azure
devops-exercises,bregman-arie,8500.0,https://github.com/bregman-arie/devops-exercises,azure
go-cloud,google,7800.0,https://github.com/google/go-cloud,azure
computervision-recipes,microsoft,7800.0,https://github.com/microsoft/computervision-recipes,azure
sops,mozilla,7600.0,https://github.com/mozilla/sops,azure
caprover,caprover,7200.0,https://github.com/caprover/caprover,azure
azuredatastudio,microsoft,6400.0,https://github.com/microsoft/azuredatastudio,azure
formidable,node-formidable,5900.0,https://github.com/node-formidable/formidable,azure
midway,midwayjs,4300.0,https://github.com/midwayjs/midway,azure
clean-code-dotnet,thangchung,3800.0,https://github.com/thangchung/clean-code-dotnet,azure
cloud-custodian,cloud-custodian,3600.0,https://github.com/cloud-custodian/cloud-custodian,azure
docker-android,budtmo,3400.0,https://github.com/budtmo/docker-android,azure
grant,simov,3300.0,https://github.com/simov/grant,azure
ScoutSuite,nccgroup,3200.0,https://github.com/nccgroup/ScoutSuite,azure
infracost,infracost,3100.0,https://github.com/infracost/infracost,azure
engine,Qovery,3000.0,https://github.com/Qovery/engine,azure
tfsec,tfsec,2800.0,https://github.com/tfsec/tfsec,azure
checkov,bridgecrewio,2800.0,https://github.com/bridgecrewio/checkov,azure
terraform-provider-azurerm,terraform-providers,2600.0,https://github.com/terraform-providers/terraform-provider-azurerm,azure
azure-powershell,Azure,2600.0,https://github.com/Azure/azure-powershell,azure
komiser,mlabouardy,2600.0,https://github.com/mlabouardy/komiser,azure
azure-cli,Azure,2400.0,https://github.com/Azure/azure-cli,azure
openapi-directory,APIs-guru,2400.0,https://github.com/APIs-guru/openapi-directory,azure
azure-sdk-for-net,Azure,2400.0,https://github.com/Azure/azure-sdk-for-net,azure
mmlspark,Azure,2400.0,https://github.com/Azure/mmlspark,azure
MachineLearningNotebooks,Azure,2300.0,https://github.com/Azure/MachineLearningNotebooks,azure
SmartStoreNET,smartstore,2200.0,https://github.com/smartstore/SmartStoreNET,azure
babel,babel,39200.0,https://github.com/babel/babel,babel
nylas-mail,nylas,24600.0,https://github.com/nylas/nylas-mail,babel
react-starter-kit,kriasoft,20800.0,https://github.com/kriasoft/react-starter-kit,babel
ava,avajs,19100.0,https://github.com/avajs/ava,babel
electron-react-boilerplate,electron-react-boilerplate,17700.0,https://github.com/electron-react-boilerplate/electron-react-boilerplate,babel
electron-vue,SimulatedGREG,14100.0,https://github.com/SimulatedGREG/electron-vue,babel
front-end-guide,grab,13700.0,https://github.com/grab/front-end-guide,babel
swc,swc-project,12300.0,https://github.com/swc-project/swc,babel
babel-handbook,jamiebuilds,10000.0,https://github.com/jamiebuilds/babel-handbook,babel
grommet,grommet,7300.0,https://github.com/grommet/grommet,babel
htm,developit,6800.0,https://github.com/developit/htm,babel
generator-angular-fullstack,angular-fullstack,6100.0,https://github.com/angular-fullstack/generator-angular-fullstack,babel
documentation,documentationjs,5400.0,https://github.com/documentationjs/documentation,babel
nwb,insin,5300.0,https://github.com/insin/nwb,babel
thinkjs,thinkjs,5200.0,https://github.com/thinkjs/thinkjs,babel
poi,egoist,5200.0,https://github.com/egoist/poi,babel
babel-loader,babel,4500.0,https://github.com/babel/babel-loader,babel
backpack,jaredpalmer,4400.0,https://github.com/jaredpalmer/backpack,babel
create-react-library,transitive-bullshit,4300.0,https://github.com/transitive-bullshit/create-react-library,babel
minify,babel,4300.0,https://github.com/babel/minify,babel
twin.macro,ben-rogerson,4200.0,https://github.com/ben-rogerson/twin.macro,babel
react,duxianwei520,4200.0,https://github.com/duxianwei520/react,babel
astexplorer,fkling,3900.0,https://github.com/fkling/astexplorer,babel
graphql-starter,kriasoft,3200.0,https://github.com/kriasoft/graphql-starter,babel
babel-plugin-module-resolver,tleunen,3000.0,https://github.com/tleunen/babel-plugin-module-resolver,babel
webpack-blocks,andywer,3000.0,https://github.com/andywer/webpack-blocks,babel
babel-eslint,babel,3000.0,https://github.com/babel/babel-eslint,babel
express-mongoose-es6-rest-api,kunalkapadia,2700.0,https://github.com/kunalkapadia/express-mongoose-es6-rest-api,babel
react-course,uidotdev,2400.0,https://github.com/uidotdev/react-course,babel
react-pwa,Atyantik,2400.0,https://github.com/Atyantik/react-pwa,babel
the-art-of-command-line,jlevy,91100.0,https://github.com/jlevy/the-art-of-command-line,bash
nvm,nvm-sh,49200.0,https://github.com/nvm-sh/nvm,bash
fzf,junegunn,37100.0,https://github.com/junegunn/fzf,bash
pure-bash-bible,dylanaraps,27100.0,https://github.com/dylanaraps/pure-bash-bible,bash
dotfiles,mathiasbynens,26500.0,https://github.com/mathiasbynens/dotfiles,bash
shellcheck,koalaman,25000.0,https://github.com/koalaman/shellcheck,bash
acme.sh,acmesh-official,22400.0,https://github.com/acmesh-official/acme.sh,bash
awesome-shell,alebcay,21600.0,https://github.com/alebcay/awesome-shell,bash
awesome-cheatsheets,LeCoupa,20500.0,https://github.com/LeCoupa/awesome-cheatsheets,bash
starship,starship,17100.0,https://github.com/starship/starship,bash
linux-command,jaywcjlove,16100.000000000002,https://github.com/jaywcjlove/linux-command,bash
openvpn-install,Nyr,13300.0,https://github.com/Nyr/openvpn-install,bash
powerline,powerline,12600.0,https://github.com/powerline/powerline,bash
shelljs,shelljs,12500.0,https://github.com/shelljs/shelljs,bash
bash-it,Bash-it,12300.0,https://github.com/Bash-it/bash-it,bash
neofetch,dylanaraps,11800.0,https://github.com/dylanaraps/neofetch,bash
terminalizer,faressoft,11600.0,https://github.com/faressoft/terminalizer,bash
dockerfiles,jessfraz,11000.0,https://github.com/jessfraz/dockerfiles,bash
navi,denisidoro,9300.0,https://github.com/denisidoro/navi,bash
m-cli,rgcr,8400.0,https://github.com/rgcr/m-cli,bash
Bash-Snippets,alexanderepstein,8300.0,https://github.com/alexanderepstein/Bash-Snippets,bash
TabNine,codota,8200.0,https://github.com/codota/TabNine,bash
mal,kanaka,7900.0,https://github.com/kanaka/mal,bash
direnv,direnv,7500.0,https://github.com/direnv/direnv,bash
awesome-cheatsheets,skywind3000,7300.0,https://github.com/skywind3000/awesome-cheatsheets,bash
openvpn-install,angristan,6400.0,https://github.com/angristan/openvpn-install,bash
enquirer,enquirer,6000.0,https://github.com/enquirer/enquirer,bash
Gogh,Mayccoll,5900.0,https://github.com/Mayccoll/Gogh,bash
awesome-dotfiles,webpro,5800.0,https://github.com/webpro/awesome-dotfiles,bash
powerline-shell,b-ryan,5600.0,https://github.com/b-ryan/powerline-shell,bash
bitcoin,bitcoin,54600.0,https://github.com/bitcoin/bitcoin,bitcoin
ccxt,ccxt,19900.0,https://github.com/ccxt/ccxt,bitcoin
ZeroNet,HelloZeroNet,16800.0,https://github.com/HelloZeroNet/ZeroNet,bitcoin
gekko,askmike,9700.0,https://github.com/askmike/gekko,bitcoin
freqtrade,freqtrade,9100.0,https://github.com/freqtrade/freqtrade,bitcoin
abu,bbfamily,8000.0,https://github.com/bbfamily/abu,bitcoin
lbry-sdk,lbryio,7200.0,https://github.com/lbryio/lbry-sdk,bitcoin
blockchain,dvf,6000.0,https://github.com/dvf/blockchain,bitcoin
blockchain_guide,yeasy,5600.0,https://github.com/yeasy/blockchain_guide,bitcoin
blackbird,butor,5300.0,https://github.com/butor/blackbird,bitcoin
lnd,lightningnetwork,5000.0,https://github.com/lightningnetwork/lnd,bitcoin
electrum,spesmilo,5000.0,https://github.com/spesmilo/electrum,bitcoin
btcd,btcsuite,4300.0,https://github.com/btcsuite/btcd,bitcoin
bitcoinjs-lib,bitcoinjs,4200.0,https://github.com/bitcoinjs/bitcoinjs-lib,bitcoin
bitcoinj,bitcoinj,4000.0,https://github.com/bitcoinj/bitcoinj,bitcoin
bisq,bisq-network,3600.0,https://github.com/bisq-network/bisq,bitcoin
tribeca,michaelgrosner,3500.0,https://github.com/michaelgrosner/tribeca,bitcoin
EthList,Scanate,3400.0,https://github.com/Scanate/EthList,bitcoin
alpha_vantage,RomelTorres,3400.0,https://github.com/RomelTorres/alpha_vantage,bitcoin
awesome-coins,Zheaoli,3300.0,https://github.com/Zheaoli/awesome-coins,bitcoin
CryptoList,coinpride,3300.0,https://github.com/coinpride/CryptoList,bitcoin
wallet,bitpay,3200.0,https://github.com/bitpay/wallet,bitcoin
squeezer,SqueezerIO,3200.0,https://github.com/SqueezerIO/squeezer,bitcoin
Crypto-Signal,CryptoSignal,3100.0,https://github.com/CryptoSignal/Crypto-Signal,bitcoin
blockchain_go,Jeiwan,2900.0,https://github.com/Jeiwan/blockchain_go,bitcoin
lbrycrd,lbryio,2800.0,https://github.com/lbryio/lbrycrd,bitcoin
btcpayserver,btcpayserver,2700.0,https://github.com/btcpayserver/btcpayserver,bitcoin
jesse,jesse-ai,2600.0,https://github.com/jesse-ai/jesse,bitcoin
bcoin,bcoin-org,2500.0,https://github.com/bcoin-org/bcoin,bitcoin
bitcoin-wallet,bitcoin-wallet,2500.0,https://github.com/bitcoin-wallet/bitcoin-wallet,bitcoin
bootstrap,twbs,151000.0,https://github.com/twbs/bootstrap,bootstrap
AdminLTE,ColorlibHQ,38800.0,https://github.com/ColorlibHQ/AdminLTE,bootstrap
tabler,tabler,23600.0,https://github.com/tabler/tabler,bootstrap
mdb-ui-kit,mdbootstrap,21000.0,https://github.com/mdbootstrap/mdb-ui-kit,bootstrap
gentelella,ColorlibHQ,20200.0,https://github.com/ColorlibHQ/gentelella,bootstrap
react-bootstrap,react-bootstrap,19500.0,https://github.com/react-bootstrap/react-bootstrap,bootstrap
js-stack-from-scratch,verekia,18600.0,https://github.com/verekia/js-stack-from-scratch,bootstrap
bootstrap-vue,bootstrap-vue,13200.0,https://github.com/bootstrap-vue/bootstrap-vue,bootstrap
bootswatch,thomaspark,12900.0,https://github.com/thomaspark/bootswatch,bootstrap
bootstrap-datepicker,uxsolutions,12400.0,https://github.com/uxsolutions/bootstrap-datepicker,bootstrap
bootstrap-table,wenzhixin,10800.0,https://github.com/wenzhixin/bootstrap-table,bootstrap
coreui-free-bootstrap-admin-template,coreui,10800.0,https://github.com/coreui/coreui-free-bootstrap-admin-template,bootstrap
reactstrap,reactstrap,10000.0,https://github.com/reactstrap/reactstrap,bootstrap
material-design-for-bootstrap,mdbootstrap,9500.0,https://github.com/mdbootstrap/material-design-for-bootstrap,bootstrap
bootstrap-select,snapappointments,9300.0,https://github.com/snapappointments/bootstrap-select,bootstrap
MaterialDesign,Templarian,9100.0,https://github.com/Templarian/MaterialDesign,bootstrap
startbootstrap-sb-admin-2,StartBootstrap,8800.0,https://github.com/StartBootstrap/startbootstrap-sb-admin-2,bootstrap
ng-bootstrap,ng-bootstrap,7800.0,https://github.com/ng-bootstrap/ng-bootstrap,bootstrap
startbootstrap,BlackrockDigital,7100.0,https://github.com/BlackrockDigital/startbootstrap,bootstrap
Metro-UI-CSS,olton,6800.0,https://github.com/olton/Metro-UI-CSS,bootstrap
material-kit,creativetimofficial,5600.0,https://github.com/creativetimofficial/material-kit,bootstrap
FEBS-Shiro,febsteam,5500.0,https://github.com/febsteam/FEBS-Shiro,bootstrap
ngx-bootstrap,valor-software,5300.0,https://github.com/valor-software/ngx-bootstrap,bootstrap
bootstrap-switch,Bttstrp,5100.0,https://github.com/Bttstrp/bootstrap-switch,bootstrap
bootstrap-modal,jschr,5100.0,https://github.com/jschr/bootstrap-modal,bootstrap
bootstrap-fileinput,kartik-v,5000.0,https://github.com/kartik-v/bootstrap-fileinput,bootstrap
twitter-bootstrap-rails,seyhunak,4500.0,https://github.com/seyhunak/twitter-bootstrap-rails,bootstrap
favorites-web,cloudfavorites,4400.0,https://github.com/cloudfavorites/favorites-web,bootstrap
icons,twbs,4200.0,https://github.com/twbs/icons,bootstrap
polr,cydrobolt,3800.0,https://github.com/cydrobolt/polr,bootstrap
ccxt,ccxt,19900.0,https://github.com/ccxt/ccxt,bot
hubot,hubotio,15900.0,https://github.com/hubotio/hubot,bot
python-telegram-bot,python-telegram-bot,15500.0,https://github.com/python-telegram-bot/python-telegram-bot,bot
InstaPy,timgrossmann,12900.0,https://github.com/timgrossmann/InstaPy,bot
discord.js,discordjs,12100.0,https://github.com/discordjs/discord.js,bot
rasa,RasaHQ,11500.0,https://github.com/RasaHQ/rasa,bot
ChatterBot,gunthercox,11200.0,https://github.com/gunthercox/ChatterBot,bot
botkit,howdyai,10400.0,https://github.com/howdyai/botkit,bot
botpress,botpress,9200.0,https://github.com/botpress/botpress,bot
EverydayWechat,sfyc23,8300.0,https://github.com/sfyc23/EverydayWechat,bot
leon,leon-ai,7600.0,https://github.com/leon-ai/leon,bot
EZFN-Lobbybot,EZFNDEV,6900.0,https://github.com/EZFNDEV/EZFN-Lobbybot,bot
botframework-sdk,microsoft,6500.0,https://github.com/microsoft/botframework-sdk,bot
ailab,microsoft,6400.0,https://github.com/microsoft/ailab,bot
trump2cash,maxbbraun,6000.0,https://github.com/maxbbraun/trump2cash,bot
botman,botman,5400.0,https://github.com/botman/botman,bot
YYeTsBot,tgbot-collection,5400.0,https://github.com/tgbot-collection/YYeTsBot,bot
node-telegram-bot-api,yagop,5300.0,https://github.com/yagop/node-telegram-bot-api,bot
DeepPavlov,deepmipt,5200.0,https://github.com/deepmipt/DeepPavlov,bot
telegraf,telegraf,4700.0,https://github.com/telegraf/telegraf,bot
nlp.js,axa-group,4400.0,https://github.com/axa-group/nlp.js,bot
streetmerchant,jef,4300.0,https://github.com/jef/streetmerchant,bot
igbot,ohld,3900.0,https://github.com/ohld/igbot,bot
PokemonGo-Bot,PokemonGoF,3700.0,https://github.com/PokemonGoF/PokemonGo-Bot,bot
bottender,Yoctol,3600.0,https://github.com/Yoctol/bottender,bot
snips-nlu,snipsco,3500.0,https://github.com/snipsco/snips-nlu,bot
telegram-list,goq,3100.0,https://github.com/goq/telegram-list,bot
venom,orkestral,2700.0,https://github.com/orkestral/venom,bot
jesse,jesse-ai,2600.0,https://github.com/jesse-ai/jesse,bot
botui,botui,2600.0,https://github.com/botui/botui,bot
scrcpy,Genymobile,49600.0,https://github.com/Genymobile/scrcpy,c
neovim,neovim,44200.0,https://github.com/neovim/neovim,c
git,git,38200.0,https://github.com/git/git,c
awesome-cpp,fffaraz,31800.0,https://github.com/fffaraz/awesome-cpp,c
obs-studio,obsproject,29400.0,https://github.com/obsproject/obs-studio,c
open-source-mac-os-apps,serhii-londar,26000.0,https://github.com/serhii-londar/open-source-mac-os-apps,c
FFmpeg,FFmpeg,25000.0,https://github.com/FFmpeg/FFmpeg,c
vim,vim,24000.0,https://github.com/vim/vim,c
the_silver_searcher,ggreer,22100.0,https://github.com/ggreer/the_silver_searcher,c
curl,curl,20900.0,https://github.com/curl/curl,c
interview,huihut,18900.0,https://github.com/huihut/interview,c
ruby,ruby,18200.0,https://github.com/ruby/ruby,c
flatbuffers,google,16300.0,https://github.com/google/flatbuffers,c
graal,oracle,15300.0,https://github.com/oracle/graal,c
mpv,mpv-player,15200.0,https://github.com/mpv-player/mpv,c
rufus,pbatard,14900.0,https://github.com/pbatard/rufus,c
radare2,radareorg,14500.0,https://github.com/radareorg/radare2,c
shadowsocks-libev,shadowsocks,14400.0,https://github.com/shadowsocks/shadowsocks-libev,c
goaccess,allinurl,13300.0,https://github.com/allinurl/goaccess,c
nuklear,vurtun,13300.0,https://github.com/vurtun/nuklear,c
vcpkg,microsoft,12900.0,https://github.com/microsoft/vcpkg,c
infer,facebook,12300.0,https://github.com/facebook/infer,c
nnn,jarun,11600.0,https://github.com/jarun/nnn,c
kitty,kovidgoyal,11500.0,https://github.com/kovidgoyal/kitty,c
Sourcetrail,CoatiSoftware,11500.0,https://github.com/CoatiSoftware/Sourcetrail,c
raspberry-pi-os,s-matyukevich,10300.0,https://github.com/s-matyukevich/raspberry-pi-os,c
tig,jonas,10100.0,https://github.com/jonas/tig,c
hashcat,hashcat,10000.0,https://github.com/hashcat/hashcat,c
qmk_firmware,qmk,9800.0,https://github.com/qmk/qmk_firmware,c
C,TheAlgorithms,9600.0,https://github.com/TheAlgorithms/C,c
electron,electron,93700.0,https://github.com/electron/electron,chrome
mkcert,FiloSottile,30400.0,https://github.com/FiloSottile/mkcert,chrome
playwright,microsoft,24500.0,https://github.com/microsoft/playwright,chrome
octotree,ovity,21300.0,https://github.com/ovity/octotree,chrome
nightmare,segmentio,18900.0,https://github.com/segmentio/nightmare,chrome
linux-command,jaywcjlove,16100.000000000002,https://github.com/jaywcjlove/linux-command,chrome
bypass-paywalls-chrome,iamadamdev,15800.0,https://github.com/iamadamdev/bypass-paywalls-chrome,chrome
chromeless,prisma-archive,13300.0,https://github.com/prisma-archive/chromeless,chrome
headless-recorder,checkly,13000.0,https://github.com/checkly/headless-recorder,chrome
WebFundamentals,google,12100.0,https://github.com/google/WebFundamentals,chrome
react-color,casesandberg,9800.0,https://github.com/casesandberg/react-color,chrome
chrome-extensions-samples,GoogleChrome,8300.0,https://github.com/GoogleChrome/chrome-extensions-samples,chrome
uBlock,uBlock-LLC,8000.0,https://github.com/uBlock-LLC/uBlock,chrome
ext-saladict,crimx,7400.0,https://github.com/crimx/ext-saladict,chrome
url-to-pdf-api,alvarcarto,6400.0,https://github.com/alvarcarto/url-to-pdf-api,chrome
chromedp,chromedp,6300.0,https://github.com/chromedp/chromedp,chrome
InfoSpider,kangvcar,5600.0,https://github.com/kangvcar/InfoSpider,chrome
headless-chrome-crawler,yujiosaka,5000.0,https://github.com/yujiosaka/headless-chrome-crawler,chrome
metamask-extension,MetaMask,5000.0,https://github.com/MetaMask/metamask-extension,chrome
simpread,Kenshin,4700.0,https://github.com/Kenshin/simpread,chrome
debugger,firefox-devtools,4600.0,https://github.com/firefox-devtools/debugger,chrome
ferret,MontFerret,4500.0,https://github.com/MontFerret/ferret,chrome
polar-bookshelf,burtonator,4300.0,https://github.com/burtonator/polar-bookshelf,chrome
fetool,nieweidong,4300.0,https://github.com/nieweidong/fetool,chrome
themer,mjswensen,4200.0,https://github.com/mjswensen/themer,chrome
Surfingkeys,brookhong,3500.0,https://github.com/brookhong/Surfingkeys,chrome
bilibili-helper-o,bilibili-helper,3500.0,https://github.com/bilibili-helper/bilibili-helper-o,chrome
melonJS,melonjs,3400.0,https://github.com/melonjs/melonJS,chrome
SingleFile,gildas-lormeau,3300.0,https://github.com/gildas-lormeau/SingleFile,chrome
crx-selection-translate,lmk123,3300.0,https://github.com/lmk123/crx-selection-translate,chrome
bypass-paywalls-chrome,iamadamdev,15800.0,https://github.com/iamadamdev/bypass-paywalls-chrome,chrome-extension
refined-github,sindresorhus,14600.0,https://github.com/sindresorhus/refined-github,chrome-extension
headless-recorder,checkly,13000.0,https://github.com/checkly/headless-recorder,chrome-extension
codelf,unbug,11400.0,https://github.com/unbug/codelf,chrome-extension
darkreader,darkreader,10300.0,https://github.com/darkreader/darkreader,chrome-extension
listen1_chrome_extension,listen1,7500.0,https://github.com/listen1/listen1_chrome_extension,chrome-extension
dejavu,appbaseio,7300.0,https://github.com/appbaseio/dejavu,chrome-extension
screenity,alyssaxuu,5600.0,https://github.com/alyssaxuu/screenity,chrome-extension
simpread,Kenshin,4700.0,https://github.com/Kenshin/simpread,chrome-extension
medium-unlimited,manojVivek,3800.0,https://github.com/manojVivek/medium-unlimited,chrome-extension
buster,dessant,3700.0,https://github.com/dessant/buster,chrome-extension
rails_panel,dejan,3600.0,https://github.com/dejan/rails_panel,chrome-extension
FeHelper,zxlie,3600.0,https://github.com/zxlie/FeHelper,chrome-extension
bilibili-helper-o,bilibili-helper,3500.0,https://github.com/bilibili-helper/bilibili-helper-o,chrome-extension
daily,dailydotdev,3500.0,https://github.com/dailydotdev/daily,chrome-extension
altair,imolorhe,3400.0,https://github.com/imolorhe/altair,chrome-extension
gmail.js,KartikTalwar,3400.0,https://github.com/KartikTalwar/gmail.js,chrome-extension
stylus,openstyles,3400.0,https://github.com/openstyles/stylus,chrome-extension
SingleFile,gildas-lormeau,3300.0,https://github.com/gildas-lormeau/SingleFile,chrome-extension
crx-selection-translate,lmk123,3300.0,https://github.com/lmk123/crx-selection-translate,chrome-extension
Reddit-Enhancement-Suite,honestbleeps,3200.0,https://github.com/honestbleeps/Reddit-Enhancement-Suite,chrome-extension
Memex,WorldBrain,3100.0,https://github.com/WorldBrain/Memex,chrome-extension
pangu.js,vinta,3000.0,https://github.com/vinta/pangu.js,chrome-extension
jjb,sunoj,3000.0,https://github.com/sunoj/jjb,chrome-extension
extension-boilerplate,EmailThis,2800.0,https://github.com/EmailThis/extension-boilerplate,chrome-extension
web-clipper,webclipper,2800.0,https://github.com/webclipper/web-clipper,chrome-extension
retire.js,RetireJS,2800.0,https://github.com/RetireJS/retire.js,chrome-extension
GhostText,fregante,2500.0,https://github.com/fregante/GhostText,chrome-extension
json-viewer,tulios,2400.0,https://github.com/tulios/json-viewer,chrome-extension
SponsorBlock,ajayyy,2400.0,https://github.com/ajayyy/SponsorBlock,chrome-extension
httpie,httpie,51000.0,https://github.com/httpie/httpie,cli
fzf,junegunn,37100.0,https://github.com/junegunn/fzf,cli
bat,sharkdp,27400.0,https://github.com/sharkdp/bat,cli
dive,wagoodman,26400.0,https://github.com/wagoodman/dive,cli
cheat.sh,chubin,25800.0,https://github.com/chubin/cheat.sh,cli
sherlock,sherlock-project,25500.0,https://github.com/sherlock-project/sherlock,cli
ripgrep,BurntSushi,25400.0,https://github.com/BurntSushi/ripgrep,cli
angular-cli,angular,24600.0,https://github.com/angular/angular-cli,cli
cli,cli,23700.0,https://github.com/cli/cli,cli
cobra,spf13,21800.0,https://github.com/spf13/cobra,cli
awesome-shell,alebcay,21600.0,https://github.com/alebcay/awesome-shell,cli
lazygit,jesseduffield,20100.0,https://github.com/jesseduffield/lazygit,cli
python-fire,google,19200.0,https://github.com/google/python-fire,cli
ava,avajs,19100.0,https://github.com/avajs/ava,cli
tqdm,tqdm,18500.0,https://github.com/tqdm/tqdm,cli
pkg,vercel,18300.0,https://github.com/vercel/pkg,cli
fd,sharkdp,17500.0,https://github.com/sharkdp/fd,cli
chalk,chalk,16500.0,https://github.com/chalk/chalk,cli
ink,vadimdemedes,16300.0,https://github.com/vadimdemedes/ink,cli
svgo,svg,16200.0,https://github.com/svg/svgo,cli
cli,urfave,15900.0,https://github.com/urfave/cli,cli
.tmux,gpakosz,14200.0,https://github.com/gpakosz/.tmux,cli
n8n,n8n-io,14200.0,https://github.com/n8n-io/n8n,cli
webpack-dashboard,FormidableLabs,13800.0,https://github.com/FormidableLabs/webpack-dashboard,cli
goaccess,allinurl,13300.0,https://github.com/allinurl/goaccess,cli
ignite,infinitered,12600.0,https://github.com/infinitered/ignite,cli
git-history,pomber,12500.0,https://github.com/pomber/git-history,cli
nnn,jarun,11600.0,https://github.com/jarun/nnn,cli
click,pallets,11000.0,https://github.com/pallets/click,cli
asdf,asdf-vm,11000.0,https://github.com/asdf-vm/asdf,cli
metabase,metabase,25000.0,https://github.com/metabase/metabase,clojure
deeplearning4j,eclipse,12100.0,https://github.com/eclipse/deeplearning4j,clojure
LightTable,LightTable,11600.0,https://github.com/LightTable/LightTable,clojure
awesomo,lk-geimfari,7900.0,https://github.com/lk-geimfari/awesomo,clojure
mal,kanaka,7900.0,https://github.com/kanaka/mal,clojure
penpot,penpot,4400.0,https://github.com/penpot/penpot,clojure
reagent,reagent-project,4200.0,https://github.com/reagent-project/reagent,clojure
datascript,tonsky,4200.0,https://github.com/tonsky/datascript,clojure
logseq,logseq,4200.0,https://github.com/logseq/logseq,clojure
riemann,riemann,4000.0,https://github.com/riemann/riemann,clojure
compojure,weavejester,3900.0,https://github.com/weavejester/compojure,clojure
clojure-style-guide,bbatsov,3600.0,https://github.com/bbatsov/clojure-style-guide,clojure
intellij-rainbow-brackets,izhangzhihao,3500.0,https://github.com/izhangzhihao/intellij-rainbow-brackets,clojure
ring,ring-clojure,3300.0,https://github.com/ring-clojure/ring,clojure
cider,clojure-emacs,3100.0,https://github.com/clojure-emacs/cider,clojure
status-react,status-im,3100.0,https://github.com/status-im/status-react,clojure
lein-figwheel,bhauman,2900.0,https://github.com/bhauman/lein-figwheel,clojure
Rich-Hickey-fanclub,tallesl,2700.0,https://github.com/tallesl/Rich-Hickey-fanclub,clojure
klipse,viebel,2600.0,https://github.com/viebel/klipse,clojure
beakerx,twosigma,2500.0,https://github.com/twosigma/beakerx,clojure
pedestal,pedestal,2400.0,https://github.com/pedestal/pedestal,clojure
hiccup,weavejester,2300.0,https://github.com/weavejester/hiccup,clojure
http-kit,http-kit,2200.0,https://github.com/http-kit/http-kit,clojure
awesome-clojure,razum2um,2200.0,https://github.com/razum2um/awesome-clojure,clojure
babashka,babashka,2000.0,https://github.com/babashka/babashka,clojure
onyx,onyx-platform,2000.0,https://github.com/onyx-platform/onyx,clojure
lumo,anmonteiro,1800.0,https://github.com/anmonteiro/lumo,clojure
boot,boot-clj,1700.0,https://github.com/boot-clj/boot,clojure
defold,defold,1700.0,https://github.com/defold/defold,clojure
sente,ptaoussanis,1600.0,https://github.com/ptaoussanis/sente,clojure
infer,facebook,12300.0,https://github.com/facebook/infer,code-quality
static-analysis,analysis-tools-dev,8700.0,https://github.com/analysis-tools-dev/static-analysis,code-quality
checkstyle,checkstyle,6000.0,https://github.com/checkstyle/checkstyle,code-quality
sonarqube,SonarSource,5800.0,https://github.com/SonarSource/sonarqube,code-quality
pyre-check,facebook,5400.0,https://github.com/facebook/pyre-check,code-quality
awesome-guidelines,Kristories,4700.0,https://github.com/Kristories/awesome-guidelines,code-quality
simplecov,simplecov-ruby,4300.0,https://github.com/simplecov-ruby/simplecov,code-quality
grumphp,phpro,3500.0,https://github.com/phpro/grumphp,code-quality
pmd,pmd,3400.0,https://github.com/pmd/pmd,code-quality
pylint,PyCQA,3400.0,https://github.com/PyCQA/pylint,code-quality
reviewdog,reviewdog,3400.0,https://github.com/reviewdog/reviewdog,code-quality
HTMLHint,htmlhint,2600.0,https://github.com/htmlhint/HTMLHint,code-quality
codeclimate,codeclimate,2200.0,https://github.com/codeclimate/codeclimate,code-quality
jscpd,kucherenko,2100.0,https://github.com/kucherenko/jscpd,code-quality
state-of-the-art-shitcode,trekhleb,1800.0,https://github.com/trekhleb/state-of-the-art-shitcode,code-quality
piranha,uber,1700.0,https://github.com/uber/piranha,code-quality
wemake-python-styleguide,wemake-services,1500.0,https://github.com/wemake-services/wemake-python-styleguide,code-quality
cross-platform-node-guide,ehmicky,1200.0,https://github.com/ehmicky/cross-platform-node-guide,code-quality
typewiz,urish,1100.0,https://github.com/urish/typewiz,code-quality
feflow,Tencent,972000.0,https://github.com/Tencent/feflow,code-quality
phpqa,jakzal,917000.0,https://github.com/jakzal/phpqa,code-quality
unused,joshuaclayton,878000.0,https://github.com/joshuaclayton/unused,code-quality
SonarTS,SonarSource,776000.0,https://github.com/SonarSource/SonarTS,code-quality
android-guidelines,bufferapp,762000.0,https://github.com/bufferapp/android-guidelines,code-quality
Imgbot,dabutvin,759000.0,https://github.com/dabutvin/Imgbot,code-quality
pdepend,pdepend,748000.0,https://github.com/pdepend/pdepend,code-quality
SonarJS,SonarSource,717000.0,https://github.com/SonarSource/SonarJS,code-quality
undercover,grodowski,578000.0,https://github.com/grodowski/undercover,code-quality
ComposerRequireChecker,maglnet,572000.0,https://github.com/maglnet/ComposerRequireChecker,code-quality
vim-disapprove-deep-indentation,dodie,565000.0,https://github.com/dodie/vim-disapprove-deep-indentation,code-quality
octotree,ovity,21300.0,https://github.com/ovity/octotree,code-review
danger,danger,4500.0,https://github.com/danger/danger,code-review
gitpod,gitpod-io,4100.0,https://github.com/gitpod-io/gitpod,code-review
danger-js,danger,3900.0,https://github.com/danger/danger-js,code-review
reviewdog,reviewdog,3400.0,https://github.com/reviewdog/reviewdog,code-review
awesome-code-review,joho,2800.0,https://github.com/joho/awesome-code-review,code-review
hound,houndci,1900.0,https://github.com/houndci/hound,code-review
mutant,mbj,1700.0,https://github.com/mbj/mutant,code-review
nodejsscan,ajinabraham,1700.0,https://github.com/ajinabraham/nodejsscan,code-review
vscode-pull-request-github,microsoft,1600.0,https://github.com/microsoft/vscode-pull-request-github,code-review
cargo-crev,crev-dev,1400.0,https://github.com/crev-dev/cargo-crev,code-review
reviewboard,reviewboard,1300.0,https://github.com/reviewboard/reviewboard,code-review
python_sec,bit4woo,954000.0,https://github.com/bit4woo/python_sec,code-review
code-review-tips,ryanmcdermott,911000.0,https://github.com/ryanmcdermott/code-review-tips,code-review
java-concurrency,code-review-checklists,893000.0,https://github.com/code-review-checklists/java-concurrency,code-review
Audit-Learning,jiangsir404,778000.0,https://github.com/jiangsir404/Audit-Learning,code-review
codestream,TeamCodeStream,549000.0,https://github.com/TeamCodeStream/codestream,code-review
enlightn,enlightn,484000.0,https://github.com/enlightn/enlightn,code-review
gerrit-intellij-plugin,uwolfer,411000.0,https://github.com/uwolfer/gerrit-intellij-plugin,code-review
policy-bot,palantir,371000.0,https://github.com/palantir/policy-bot,code-review
cpp-project,bsamseth,361000.0,https://github.com/bsamseth/cpp-project,code-review
diffr,mookid,348000.0,https://github.com/mookid/diffr,code-review
static-review,sjparkinson,330000.0,https://github.com/sjparkinson/static-review,code-review
raptor,dpnishant,319000.0,https://github.com/dpnishant/raptor,code-review
shiba,burrito-brothers,281000.0,https://github.com/burrito-brothers/shiba,code-review
code-review-checklist,mgreiler,262000.0,https://github.com/mgreiler/code-review-checklist,code-review
github-review,charignon,227000.0,https://github.com/charignon/github-review,code-review
lookout,src-d,141000.0,https://github.com/src-d/lookout,code-review
gerrit-rest-java-client,uwolfer,134000.0,https://github.com/uwolfer/gerrit-rest-java-client,code-review
owasp-orizon,thesp0nge,132000.0,https://github.com/thesp0nge/owasp-orizon,code-review
next.js,vercel,68300.0,https://github.com/vercel/next.js,compiler
webpack,webpack,58400.0,https://github.com/webpack/webpack,compiler
rust,rust-lang,55800.0,https://github.com/rust-lang/rust,compiler
gatsby,gatsbyjs,50500.0,https://github.com/gatsbyjs/gatsby,compiler
svelte,sveltejs,47500.0,https://github.com/sveltejs/svelte,compiler
babel,babel,39200.0,https://github.com/babel/babel,compiler
parcel,parcel-bundler,38500.0,https://github.com/parcel-bundler/parcel,compiler
kotlin,JetBrains,36700.0,https://github.com/JetBrains/kotlin,compiler
marked,markedjs,25100.0,https://github.com/markedjs/marked,compiler
esbuild,evanw,25000.0,https://github.com/evanw/esbuild,compiler
v,vlang,24000.0,https://github.com/vlang/v,compiler
pkg,vercel,18300.0,https://github.com/vercel/pkg,compiler
v8,v8,17700.0,https://github.com/v8/v8,compiler
swc,swc-project,12300.0,https://github.com/swc-project/swc,compiler
bytecode-viewer,Konloch,12100.0,https://github.com/Konloch/bytecode-viewer,compiler
assemblyscript,AssemblyScript,12100.0,https://github.com/AssemblyScript/assemblyscript,compiler
Nim,nim-lang,11400.0,https://github.com/nim-lang/Nim,compiler
gopherjs,gopherjs,10200.0,https://github.com/gopherjs/gopherjs,compiler
zig,ziglang,9500.0,https://github.com/ziglang/zig,compiler
compiler-explorer,compiler-explorer,8700.0,https://github.com/compiler-explorer/compiler-explorer,compiler
kotlin-native,JetBrains,7100.0,https://github.com/JetBrains/kotlin-native,compiler
tvm,apache,6800.0,https://github.com/apache/tvm,compiler
numba,numba,6600.0,https://github.com/numba/numba,compiler
compiler,elm,6400.0,https://github.com/elm/compiler,compiler
awesome-compilers,aalhour,6000.0,https://github.com/aalhour/awesome-compilers,compiler
lebab,lebab,5400.0,https://github.com/lebab/lebab,compiler
acwj,DoctorWkt,5300.0,https://github.com/DoctorWkt/acwj,compiler
rescript-compiler,rescript-lang,5300.0,https://github.com/rescript-lang/rescript-compiler,compiler
dotty,lampepfl,4600.0,https://github.com/lampepfl/dotty,compiler
enso,enso-org,4600.0,https://github.com/enso-org/enso,compiler
drone,drone,23300.0,https://github.com/drone/drone,continuous-integration
jenkins,jenkinsci,17500.0,https://github.com/jenkinsci/jenkins,continuous-integration
volkswagen,auchenberg,11500.0,https://github.com/auchenberg/volkswagen,continuous-integration
origin,openshift,7900.0,https://github.com/openshift/origin,continuous-integration
gocd,gocd,6100.0,https://github.com/gocd/gocd,continuous-integration
concourse,concourse,5700.0,https://github.com/concourse/concourse,continuous-integration
buildbot,buildbot,4600.0,https://github.com/buildbot/buildbot,continuous-integration
strider,Strider-CD,4500.0,https://github.com/Strider-CD/strider,continuous-integration
gaia,gaia-pipeline,4400.0,https://github.com/gaia-pipeline/gaia,continuous-integration
jx,jenkins-x,3900.0,https://github.com/jenkins-x/jx,continuous-integration
onedev,theonedev,3800.0,https://github.com/theonedev/onedev,continuous-integration
hygieia,hygieia,3600.0,https://github.com/hygieia/hygieia,continuous-integration
xcpretty,xcpretty,3600.0,https://github.com/xcpretty/xcpretty,continuous-integration
cds,ovh,3400.0,https://github.com/ovh/cds,continuous-integration
cake,cake-build,2900.0,https://github.com/cake-build/cake,continuous-integration
awesome-ci,ligurio,2600.0,https://github.com/ligurio/awesome-ci,continuous-integration
PHPCI,dancryer,2400.0,https://github.com/dancryer/PHPCI,continuous-integration
werf,werf,2400.0,https://github.com/werf/werf,continuous-integration
tox,tox-dev,2200.0,https://github.com/tox-dev/tox,continuous-integration
syncd,dreamans,1900.0,https://github.com/dreamans/syncd,continuous-integration
ModernCppStarter,TheLartians,1900.0,https://github.com/TheLartians/ModernCppStarter,continuous-integration
hound,houndci,1900.0,https://github.com/houndci/hound,continuous-integration
fabric8,fabric8io,1800.0,https://github.com/fabric8io/fabric8,continuous-integration
setup-php,shivammathur,1600.0,https://github.com/shivammathur/setup-php,continuous-integration
lastbackend,lastbackend,1500.0,https://github.com/lastbackend/lastbackend,continuous-integration
nuke,nuke-build,1200.0,https://github.com/nuke-build/nuke,continuous-integration
flow-core-x,FlowCI,1200.0,https://github.com/FlowCI/flow-core-x,continuous-integration
trust,japaric,1100.0,https://github.com/japaric/trust,continuous-integration
churn-php,bmitch,1100.0,https://github.com/bmitch/churn-php,continuous-integration
Piplin,Piplin,1000.0,https://github.com/Piplin/Piplin,continuous-integration
COVID-19,CSSEGISandData,26800.0,https://github.com/CSSEGISandData/COVID-19,covid-19
covid19india-react,covid19india,6500.0,https://github.com/covid19india/covid19india-react,covid-19
covid-19-data,nytimes,6400.0,https://github.com/nytimes/covid-19-data,covid-19
covid19,tokyo-metropolitan-gov,6200.0,https://github.com/tokyo-metropolitan-gov/covid19,covid-19
COVID-19,pcm-dpc,3800.0,https://github.com/pcm-dpc/COVID-19,covid-19
covid-19-data,owid,3700.0,https://github.com/owid/covid-19-data,covid-19
covid-chestxray-dataset,ieee8023,2700.0,https://github.com/ieee8023/covid-chestxray-dataset,covid-19
app,WorldHealthOrganization,2100.0,https://github.com/WorldHealthOrganization/app,covid-19
corona,geohot,1900.0,https://github.com/geohot/corona,covid-19
corona-cli,ahmadawais,1700.0,https://github.com/ahmadawais/corona-cli,covid-19
cwa-server,corona-warn-app,1700.0,https://github.com/corona-warn-app/cwa-server,covid-19
coronavirus-tracker-api,ExpDev07,1500.0,https://github.com/ExpDev07/coronavirus-tracker-api,covid-19
CoronaTracker,mhdhejazi,1400.0,https://github.com/mhdhejazi/CoronaTracker,covid-19
awesome-coronavirus,soroushchehresa,1400.0,https://github.com/soroushchehresa/awesome-coronavirus,covid-19
covid19_scenarios,neherlab,1400.0,https://github.com/neherlab/covid19_scenarios,covid-19
covid19-dashboard,github,1300.0,https://github.com/github/covid19-dashboard,covid-19
covid19,pomber,1200.0,https://github.com/pomber/covid19,covid-19
coronavirus,FoldingAtHome,1100.0,https://github.com/FoldingAtHome/coronavirus,covid-19
covid-19,datasets,1100.0,https://github.com/datasets/covid-19,covid-19
tika-python,chrismattmann,1000.0,https://github.com/chrismattmann/tika-python,covid-19
COVID-Net,lindawangg,972000.0,https://github.com/lindawangg/COVID-Net,covid-19
covid19model,ImperialCollegeLondon,924000.0,https://github.com/ImperialCollegeLondon/covid19model,covid-19
ESP32-Paxcounter,cyberman54,878000.0,https://github.com/cyberman54/ESP32-Paxcounter,covid-19
Face-Mask-Detection,chandrikadeb7,871000.0,https://github.com/chandrikadeb7/Face-Mask-Detection,covid-19
COVID-CT,UCSD-AI4H,851000.0,https://github.com/UCSD-AI4H/COVID-CT,covid-19
makair,makers-for-life,724000.0,https://github.com/makers-for-life/makair,covid-19
2019-wuhan-coronavirus-data,globalcitizen,627000.0,https://github.com/globalcitizen/2019-wuhan-coronavirus-data,covid-19
paperai,neuml,621000.0,https://github.com/neuml/paperai,covid-19
covid-vaccine-booking,pallupz,615000.0,https://github.com/pallupz/covid-vaccine-booking,covid-19
covidAPI,javieraviles,598000.0,https://github.com/javieraviles/covidAPI,covid-19
CS-Notes,CyC2018,132000.0,https://github.com/CyC2018/CS-Notes,cpp
project-based-learning,tuvtran,50900.0,https://github.com/tuvtran/project-based-learning,cpp
leetcode,azl397985856,42400.0,https://github.com/azl397985856/leetcode,cpp
x64dbg,x64dbg,36900.0,https://github.com/x64dbg/x64dbg,cpp
awesome-cpp,fffaraz,31800.0,https://github.com/fffaraz/awesome-cpp,cpp
calculator,microsoft,22200.0,https://github.com/microsoft/calculator,cpp
openpose,CMU-Perceptual-Computing-Lab,21100.0,https://github.com/CMU-Perceptual-Computing-Lab/openpose,cpp
interview,huihut,18900.0,https://github.com/huihut/interview,cpp
yuzu,yuzu-emu,14800.0,https://github.com/yuzu-emu/yuzu,cpp
modern-cpp-tutorial,changkun,13500.0,https://github.com/changkun/modern-cpp-tutorial,cpp
C-Plus-Plus,TheAlgorithms,13100.0,https://github.com/TheAlgorithms/C-Plus-Plus,cpp
vcpkg,microsoft,12900.0,https://github.com/microsoft/vcpkg,cpp
infer,facebook,12300.0,https://github.com/facebook/infer,cpp
modern-cpp-features,AnthonyCalandra,12000.0,https://github.com/AnthonyCalandra/modern-cpp-features,cpp
spdlog,gabime,11800.0,https://github.com/gabime/spdlog,cpp
Sourcetrail,CoatiSoftware,11500.0,https://github.com/CoatiSoftware/Sourcetrail,cpp
leetcode-master,youngyangyang04,11400.0,https://github.com/youngyangyang04/leetcode-master,cpp
tink,google,11400.0,https://github.com/google/tink,cpp
tinyrenderer,ssloy,10800.0,https://github.com/ssloy/tinyrenderer,cpp
Qv2ray,Qv2ray,10700.0,https://github.com/Qv2ray/Qv2ray,cpp
solidity,ethereum,10600.0,https://github.com/ethereum/solidity,cpp
openage,SFTtech,10300.0,https://github.com/SFTtech/openage,cpp
antlr4,antlr,10000.0,https://github.com/antlr/antlr4,cpp
BackgroundMusic,kyleneideck,9600.0,https://github.com/kyleneideck/BackgroundMusic,cpp
OpenRCT2,OpenRCT2,9500.0,https://github.com/OpenRCT2/OpenRCT2,cpp
compiler-explorer,compiler-explorer,8700.0,https://github.com/compiler-explorer/compiler-explorer,cpp
milewski-ctfp-pdf,hmemcpy,8500.0,https://github.com/hmemcpy/milewski-ctfp-pdf,cpp
TabNine,codota,8200.0,https://github.com/codota/TabNine,cpp
fprime,nasa,8100.0,https://github.com/nasa/fprime,cpp
awesome-modern-cpp,rigtorp,8000.0,https://github.com/rigtorp/awesome-modern-cpp,cpp
